Domain,Type,Sponsoring Organisation,Date
.abbott,generic,"Abbott Laboratories, Inc.",2023-10-30
.abogado,generic,Top Level Domain Holdings Limited,2023-10-30
.academy,generic,"Half Oaks, LLC",2023-10-30
.accountant,generic,dot Accountant Limited,2023-10-30
.accountants,generic,"Knob Town, LLC",2023-10-30
.active,generic,"The Active Network, Inc",2023-10-30
.actor,generic,United TLD Holdco Ltd.,2023-10-30
.ads,generic,Charleston Road Registry Inc.,2023-10-30
.adult,generic,ICM Registry AD LLC,2023-10-30
.afl,generic,Australian Football League,2023-10-30
.agency,generic,"Steel Falls, LLC",2023-10-30
.airforce,generic,United TLD Holdco Ltd.,2023-10-30
.allfinanz,generic,Allfinanz Deutsche Vermögensberatung Aktiengesellschaft,2023-10-30
.alsace,generic,REGION D ALSACE,2023-10-30
.amsterdam,generic,Gemeente Amsterdam,2023-10-30
.android,generic,Charleston Road Registry Inc.,2023-10-30
.apartments,generic,"June Maple, LLC",2023-10-30
.aquarelle,generic,Aquarelle.com,2023-10-30
.archi,generic,STARTING DOT LIMITED,2023-10-30
.army,generic,United TLD Holdco Ltd.,2023-10-30
.associates,generic,"Baxter Hill, LLC",2023-10-30
.attorney,generic,"United TLD Holdco, Ltd",2023-10-30
.auction,generic,"United TLD HoldCo, Ltd.",2023-10-30
.audio,generic,"Uniregistry, Corp.",2023-10-30
.autos,generic,"DERAutos, LLC",2023-10-30
.axa,generic,AXA SA,2023-10-30
.band,generic,"United TLD Holdco, Ltd",2023-10-30
.bank,generic,"fTLD Registry Services, LLC",2023-10-30
.bar,generic,Punto 2012 Sociedad Anonima Promotora de Inversion de Capital Variable,2023-10-30
.barclaycard,generic,Barclays Bank PLC,2023-10-30
.barclays,generic,Barclays Bank PLC,2023-10-30
.bargains,generic,"Half Hallow, LLC",2023-10-30
.bauhaus,generic,Werkhaus GmbH,2023-10-30
.bayern,generic,Bayern Connect GmbH,2023-10-30
.bbc,generic,British Broadcasting Corporation,2023-10-30
.beer,generic,Top Level Domain Holdings Limited,2023-10-30
.berlin,generic,dotBERLIN GmbH & Co. KG,2023-10-30
.best,generic,BestTLD Pty Ltd,2023-10-30
.bid,generic,dot Bid Limited,2023-10-30
.bike,generic,"Grand Hollow, LLC",2023-10-30
.bingo,generic,"Sand Cedar, LLC",2023-10-30
.bio,generic,STARTING DOT LIMITED,2023-10-30
.black,generic,Afilias Limited,2023-10-30
.blackfriday,generic,"Uniregistry, Corp.",2023-10-30
.bloomberg,generic,Bloomberg IP Holdings LLC,2023-10-30
.blue,generic,Afilias Limited,2023-10-30
.bmw,generic,Bayerische Motoren Werke Aktiengesellschaft,2023-10-30
.bnpparibas,generic,BNP Paribas,2023-10-30
.boats,generic,"DERBoats, LLC",2023-10-30
.bond,generic,Bond University Limited,2023-10-30
.boo,generic,Charleston Road Registry Inc.,2023-10-30
.boutique,generic,"Over Galley, LLC",2023-10-30
.brussels,generic,DNS.be vzw,2023-10-30
.budapest,generic,Top Level Domain Holdings Limited,2023-10-30
.build,generic,Plan Bee LLC,2023-10-30
.builders,generic,"Atomic Madison, LLC",2023-10-30
.business,generic,"Spring Cross, LLC",2023-10-30
.buzz,generic,DOTSTRATEGY CO.,2023-10-30
.bzh,generic,Association www.bzh,2023-10-30
.cab,generic,"Half Sunset, LLC",2023-10-30
.cafe,generic,"Pioneer Canyon, LLC",2023-10-30
.cal,generic,Charleston Road Registry Inc.,2023-10-30
.camera,generic,"Atomic Maple, LLC",2023-10-30
.camp,generic,"Delta Dynamite, LLC",2023-10-30
.cancerresearch,generic,Australian Cancer Research Foundation,2023-10-30
.canon,generic,Canon Inc.,2023-10-30
.capetown,generic,ZA Central Registry NPC trading as ZA Central Registry,2023-10-30
.capital,generic,"Delta Mill, LLC",2023-10-30
.caravan,generic,"Caravan International, Inc.",2023-10-30
.cards,generic,"Foggy Hollow, LLC",2023-10-30
.care,generic,"Goose Cross, LLC",2023-10-30
.career,generic,dotCareer LLC,2023-10-30
.careers,generic,"Wild Corner, LLC",2023-10-30
.cartier,generic,Richemont DNS Inc.,2023-10-30
.casa,generic,Top Level Domain Holdings Limited,2023-10-30
.cash,generic,"Delta Lake, LLC",2023-10-30
.casino,generic,"Binky Sky, LLC",2023-10-30
.catering,generic,New Falls. LLC,2023-10-30
.cbn,generic,"The Christian Broadcasting Network, Inc.",2023-10-30
.center,generic,"Tin Mill, LLC",2023-10-30
.ceo,generic,CEOTLD Pty Ltd,2023-10-30
.cern,generic,"European Organization for Nuclear Research (""CERN"")",2023-10-30
.cfd,generic,DOTCFD REGISTRY LTD,2023-10-30
.channel,generic,Charleston Road Registry Inc.,2023-10-30
.chat,generic,"Sand Fields, LLC",2023-10-30
.cheap,generic,"Sand Cover, LLC",2023-10-30
.chloe,generic,Richemont DNS Inc.,2023-10-30
.christmas,generic,"Uniregistry, Corp.",2023-10-30
.chrome,generic,Charleston Road Registry Inc.,2023-10-30
.church,generic,"Holly Fileds, LLC",2023-10-30
.citic,generic,CITIC Group Corporation,2023-10-30
.city,generic,"Snow Sky, LLC",2023-10-30
.claims,generic,"Black Corner, LLC",2023-10-30
.cleaning,generic,"Fox Shadow, LLC",2023-10-30
.click,generic,"Uniregistry, Corp.",2023-10-30
.clinic,generic,"Goose Park, LLC",2023-10-30
.clothing,generic,"Steel Lake, LLC",2023-10-30
.club,generic,".CLUB DOMAINS, LLC",2023-10-30
.coach,generic,"Koko Island, LLC",2023-10-30
.codes,generic,"Puff Willow, LLC",2023-10-30
.coffee,generic,"Trixy Cover, LLC",2023-10-30
.college,generic,XYZ.COM LLC,2023-10-30
.cologne,generic,NetCologne Gesellschaft für Telekommunikation mbH,2023-10-30
.com,generic,VeriSign Global Registry Services,2023-10-30
.community,generic,"Fox Orchard, LLC",2023-10-30
.company,generic,"Silver Avenue, LLC",2023-10-30
.computer,generic,"Pine Mill, LLC",2023-10-30
.condos,generic,"Pine House, LLC",2023-10-30
.construction,generic,"Fox Dynamite, LLC",2023-10-30
.consulting,generic,"United TLD Holdco, LTD.",2023-10-30
.contractors,generic,"Magic Woods, LLC",2023-10-30
.cooking,generic,Top Level Domain Holdings Limited,2023-10-30
.cool,generic,"Koko Lake, LLC",2023-10-30
.country,generic,Top Level Domain Holdings Limited,2023-10-30
.courses,generic,OPEN UNIVERSITIES AUSTRALIA PTY LTD,2023-10-30
.credit,generic,"Snow Shadow, LLC",2023-10-30
.creditcard,generic,"Binky Frostbite, LLC",2023-10-30
.cricket,generic,dot Cricket Limited,2023-10-30
.crs,generic,Federated Co-operatives Limited,2023-10-30
.cruises,generic,"Spring Way, LLC",2023-10-30
.cuisinella,generic,SALM S.A.S.,2023-10-30
.cymru,generic,Nominet UK,2023-10-30
.cyou,generic,"Beijing Gamease Age Digital Technology Co., Ltd.",2023-10-30
.dabur,generic,Dabur India Limited,2023-10-30
.dad,generic,Charleston Road Registry Inc.,2023-10-30
.dance,generic,United TLD Holdco Ltd.,2023-10-30
.date,generic,dot Date Limited,2023-10-30
.dating,generic,"Pine Fest, LLC",2023-10-30
.datsun,generic,"NISSAN MOTOR CO., LTD.",2023-10-30
.day,generic,Charleston Road Registry Inc.,2023-10-30
.dclk,generic,Charleston Road Registry Inc.,2023-10-30
.deals,generic,"Sand Sunset, LLC",2023-10-30
.degree,generic,"United TLD Holdco, Ltd",2023-10-30
.delivery,generic,"Steel Station, LLC",2023-10-30
.democrat,generic,United TLD Holdco Ltd.,2023-10-30
.dental,generic,"Tin Birch, LLC",2023-10-30
.dentist,generic,"United TLD Holdco, Ltd",2023-10-30
.desi,generic,Desi Networks LLC,2023-10-30
.design,generic,"Top Level Design, LLC",2023-10-30
.dev,generic,Charleston Road Registry Inc.,2023-10-30
.diamonds,generic,"John Edge, LLC",2023-10-30
.diet,generic,"Uniregistry, Corp.",2023-10-30
.digital,generic,"Dash Park, LLC",2023-10-30
.direct,generic,"Half Trail, LLC",2023-10-30
.directory,generic,"Extra Madison, LLC",2023-10-30
.discount,generic,"Holly Hill, LLC",2023-10-30
.dnp,generic,"Dai Nippon Printing Co., Ltd.",2023-10-30
.docs,generic,Charleston Road Registry Inc.,2023-10-30
.doha,generic,Communications Regulatory Authority (CRA),2023-10-30
.domains,generic,"Sugar Cross, LLC",2023-10-30
.doosan,generic,Doosan Corporation,2023-10-30
.download,generic,dot Support Limited,2023-10-30
.durban,generic,ZA Central Registry NPC trading as ZA Central Registry,2023-10-30
.dvag,generic,Deutsche Vermögensberatung Aktiengesellschaft DVAG,2023-10-30
.eat,generic,Charleston Road Registry Inc.,2023-10-30
.education,generic,"Brice Way, LLC",2023-10-30
.email,generic,"Spring Madison, LLC",2023-10-30
.emerck,generic,Merck KGaA,2023-10-30
.energy,generic,"Binky Birch, LLC",2023-10-30
.engineer,generic,United TLD Holdco Ltd.,2023-10-30
.engineering,generic,Romeo Canyon,2023-10-30
.enterprises,generic,"Snow Oaks, LLC",2023-10-30
.epson,generic,Seiko Epson Corporation,2023-10-30
.equipment,generic,"Corn Station, LLC",2023-10-30
.erni,generic,ERNI Group Holding AG,2023-10-30
.esq,generic,Charleston Road Registry Inc.,2023-10-30
.estate,generic,"Trixy Park, LLC",2023-10-30
.eurovision,generic,European Broadcasting Union (EBU),2023-10-30
.eus,generic,Puntueus Fundazioa,2023-10-30
.events,generic,"Pioneer Maple, LLC",2023-10-30
.everbank,generic,EverBank,2023-10-30
.exchange,generic,"Spring Falls, LLC",2023-10-30
.expert,generic,"Magic Pass, LLC",2023-10-30
.exposed,generic,"Victor Beach, LLC",2023-10-30
.express,generic,"Sea Sunset, LLC",2023-10-30
.fail,generic,"Atomic Pipe, LLC",2023-10-30
.faith,generic,dot Faith Limited,2023-10-30
.fan,generic,Asiamix Digital Ltd,2023-10-30
.fans,generic,Asiamix Digital Limited,2023-10-30
.farm,generic,"Just Maple, LLC",2023-10-30
.fashion,generic,Top Level Domain Holdings Limited,2023-10-30
.feedback,generic,"Top Level Spectrum, Inc.",2023-10-30
.film,generic,Motion Picture Domain Registry Pty Ltd,2023-10-30
.finance,generic,"Cotton Cypress, LLC",2023-10-30
.financial,generic,"Just Cover, LLC",2023-10-30
.firmdale,generic,Firmdale Holdings Limited,2023-10-30
.fish,generic,"Fox Woods, LLC",2023-10-30
.fishing,generic,Top Level Domain Holdings Limited,2023-10-30
.fit,generic,Minds + Machines Group Limited,2023-10-30
.fitness,generic,"Brice Orchard, LLC",2023-10-30
.flights,generic,"Fox Station, LLC",2023-10-30
.florist,generic,"Half Cypress, LLC",2023-10-30
.flowers,generic,"Uniregistry, Corp.",2023-10-30
.flsmidth,generic,FLSmidth A/S,2023-10-30
.fly,generic,Charleston Road Registry Inc.,2023-10-30
.foo,generic,Charleston Road Registry Inc.,2023-10-30
.football,generic,"Foggy Farms, LLC",2023-10-30
.forex,generic,DOTFOREX REGISTRY LTD,2023-10-30
.forsale,generic,"United TLD Holdco, LLC",2023-10-30
.foundation,generic,"John Dale, LLC",2023-10-30
.frl,generic,FRLregistry B.V.,2023-10-30
.frogans,generic,OP3FT,2023-10-30
.fund,generic,"John Castle, LLC",2023-10-30
.furniture,generic,"Lone Fields, LLC",2023-10-30
.futbol,generic,"United TLD Holdco, Ltd.",2023-10-30
.gal,generic,Asociación puntoGAL,2023-10-30
.gallery,generic,"Sugar House, LLC",2023-10-30
.garden,generic,Top Level Domain Holdings Limited,2023-10-30
.gbiz,generic,Charleston Road Registry Inc.,2023-10-30
.gdn,generic,"Joint Stock Company ""Navigation-information systems""",2023-10-30
.gent,generic,COMBELL GROUP NV/SA,2023-10-30
.ggee,generic,"GMO Internet, Inc.",2023-10-30
.gift,generic,"Uniregistry, Corp.",2023-10-30
.gifts,generic,"Goose Sky, LLC",2023-10-30
.gives,generic,United TLD Holdco Ltd.,2023-10-30
.glass,generic,"Black Cover, LLC",2023-10-30
.gle,generic,Charleston Road Registry Inc.,2023-10-30
.global,generic,Dot Global Domain Registry Limited,2023-10-30
.globo,generic,Globo Comunicação e Participações S.A,2023-10-30
.gmail,generic,Charleston Road Registry Inc.,2023-10-30
.gmo,generic,"GMO Internet, Inc.",2023-10-30
.gmx,generic,1&1 Mail & Media GmbH,2023-10-30
.gold,generic,"June Edge, LLC",2023-10-30
.goldpoint,generic,"YODOBASHI CAMERA CO.,LTD.",2023-10-30
.golf,generic,"Lone Falls, LLC",2023-10-30
.goo,generic,NTT Resonant Inc.,2023-10-30
.goog,generic,Charleston Road Registry Inc.,2023-10-30
.google,generic,Charleston Road Registry Inc.,2023-10-30
.gop,generic,"Republican State Leadership Committee, Inc.",2023-10-30
.graphics,generic,"Over Madison, LLC",2023-10-30
.gratis,generic,"Pioneer Tigers, LLC",2023-10-30
.green,generic,Afilias Limited,2023-10-30
.gripe,generic,"Corn Sunset, LLC",2023-10-30
.guge,generic,Charleston Road Registry Inc.,2023-10-30
.guide,generic,"Snow Moon, LLC",2023-10-30
.guitars,generic,"Uniregistry, Corp.",2023-10-30
.guru,generic,"Pioneer Cypress, LLC",2023-10-30
.hamburg,generic,Hamburg Top-Level-Domain GmbH,2023-10-30
.hangout,generic,Charleston Road Registry Inc.,2023-10-30
.haus,generic,"United TLD Holdco, LTD.",2023-10-30
.healthcare,generic,"Silver Glen, LLC",2023-10-30
.help,generic,"Uniregistry, Corp.",2023-10-30
.here,generic,Charleston Road Registry Inc.,2023-10-30
.hermes,generic,Hermes International,2023-10-30
.hiphop,generic,"Uniregistry, Corp.",2023-10-30
.hiv,generic,dotHIV gemeinnuetziger e.V.,2023-10-30
.holdings,generic,"John Madison, LLC",2023-10-30
.holiday,generic,"Goose Woods, LLC",2023-10-30
.homes,generic,"DERHomes, LLC",2023-10-30
.horse,generic,Top Level Domain Holdings Limited,2023-10-30
.host,generic,DotHost Inc.,2023-10-30
.hosting,generic,"Uniregistry, Corp.",2023-10-30
.house,generic,"Sugar Park, LLC",2023-10-30
.how,generic,Charleston Road Registry Inc.,2023-10-30
.ibm,generic,International Business Machines Corporation,2023-10-30
.ifm,generic,ifm electronic gmbh,2023-10-30
.immo,generic,"Auburn Bloom, LLC",2023-10-30
.immobilien,generic,United TLD Holdco Ltd.,2023-10-30
.industries,generic,"Outer House, LLC",2023-10-30
.infiniti,generic,"NISSAN MOTOR CO., LTD.",2023-10-30
.info,generic,Afilias Limited,2023-10-30
.ing,generic,Charleston Road Registry Inc.,2023-10-30
.ink,generic,"Top Level Design, LLC",2023-10-30
.institute,generic,"Outer Maple, LLC",2023-10-30
.insure,generic,"Pioneer Willow, LLC",2023-10-30
.international,generic,"Wild Way, LLC",2023-10-30
.investments,generic,"Holly Glen, LLC",2023-10-30
.irish,generic,Dot-Irish LLC,2023-10-30
.iwc,generic,Richemont DNS Inc.,2023-10-30
.java,generic,Oracle Corporation,2023-10-30
.jcb,generic,"JCB Co., Ltd.",2023-10-30
.jetzt,generic,New TLD Company AB,2023-10-30
.joburg,generic,ZA Central Registry NPC trading as ZA Central Registry,2023-10-30
.juegos,generic,"Uniregistry, Corp.",2023-10-30
.kaufen,generic,United TLD Holdco Ltd.,2023-10-30
.kddi,generic,KDDI CORPORATION,2023-10-30
.kim,generic,Afilias Limited,2023-10-30
.kitchen,generic,"Just Goodbye, LLC",2023-10-30
.kiwi,generic,DOT KIWI LIMITED,2023-10-30
.koeln,generic,NetCologne Gesellschaft für Telekommunikation mbH,2023-10-30
.komatsu,generic,Komatsu Ltd.,2023-10-30
.krd,generic,KRG Department of Information Technology,2023-10-30
.kred,generic,KredTLD Pty Ltd,2023-10-30
.kyoto,generic,Academic Institution: Kyoto Jyoho Gakuen,2023-10-30
.lacaixa,generic,CAIXA D'ESTALVIS I PENSIONS DE BARCELONA,2023-10-30
.land,generic,"Pine Moon, LLC",2023-10-30
.lat,generic,ECOM-LAC Federación de Latinoamérica y el Caribe para Internet y el Comercio Electrónico,2023-10-30
.latrobe,generic,La Trobe University,2023-10-30
.lawyer,generic,"United TLD Holdco, Ltd",2023-10-30
.lds,generic,"IRI Domain Management, LLC",2023-10-30
.lease,generic,"Victor Trail, LLC",2023-10-30
.leclerc,generic,A.C.D. LEC Association des Centres Distributeurs Edouard Leclerc,2023-10-30
.legal,generic,"Blue Falls, LLC",2023-10-30
.lgbt,generic,Afilias Limited,2023-10-30
.lidl,generic,Schwarz Domains und Services GmbH & Co. KG,2023-10-30
.life,generic,"Trixy Oaks, LLC",2023-10-30
.lighting,generic,"John McCook, LLC",2023-10-30
.limited,generic,"Big Fest, LLC",2023-10-30
.limo,generic,"Hidden Frostbite, LLC",2023-10-30
.link,generic,"Uniregistry, Corp.",2023-10-30
.loan,generic,dot Loan Limited,2023-10-30
.loans,generic,"June Woods, LLC",2023-10-30
.london,generic,Dot London Domains Limited,2023-10-30
.lotte,generic,"Lotte Holdings Co., Ltd.",2023-10-30
.lotto,generic,Afilias Limited,2023-10-30
.love,generic,Merchant Law Group LLP,2023-10-30
.ltda,generic,InterNetX Corp.,2023-10-30
.luxe,generic,Top Level Domain Holdings Limited,2023-10-30
.luxury,generic,Luxury Partners LLC,2023-10-30
.madrid,generic,Comunidad de Madrid,2023-10-30
.maif,generic,Mutuelle Assurance Instituteur France (MAIF),2023-10-30
.maison,generic,"Victor Frostbite, LLC",2023-10-30
.management,generic,"John Goodbye, LLC",2023-10-30
.mango,generic,PUNTO FA S.L.,2023-10-30
.market,generic,"Unitied TLD Holdco, Ltd",2023-10-30
.marketing,generic,"Fern Pass, LLC",2023-10-30
.markets,generic,DOTMARKETS REGISTRY LTD,2023-10-30
.marriott,generic,Marriott Worldwide Corporation,2023-10-30
.media,generic,"Grand Glen, LLC",2023-10-30
.meet,generic,Afilias Limited,2023-10-30
.melbourne,generic,"The Crown in right of the State of Victoria, represented by its Department of State Development, Business and Innovation",2023-10-30
.meme,generic,Charleston Road Registry Inc.,2023-10-30
.memorial,generic,"Dog Beach, LLC",2023-10-30
.menu,generic,"Wedding TLD2, LLC",2023-10-30
.miami,generic,Top Level Domain Holdings Limited,2023-10-30
.mini,generic,Bayerische Motoren Werke Aktiengesellschaft,2023-10-30
.mma,generic,MMA IARD,2023-10-30
.moda,generic,United TLD Holdco Ltd.,2023-10-30
.moe,generic,"Interlink Co., Ltd.",2023-10-30
.monash,generic,Monash University,2023-10-30
.money,generic,"Outer McCook, LLC",2023-10-30
.mormon,generic,"IRI Domain Management, LLC (""Applicant"")",2023-10-30
.mortgage,generic,"United TLD Holdco, Ltd",2023-10-30
.moscow,generic,Foundation for Assistance for Internet Technologies and Infrastructure Development (FAITID),2023-10-30
.motorcycles,generic,"DERMotorcycles, LLC",2023-10-30
.mov,generic,Charleston Road Registry Inc.,2023-10-30
.movie,generic,"New Frostbite, LLC",2023-10-30
.mtn,generic,MTN Dubai Limited,2023-10-30
.mtpc,generic,Mitsubishi Tanabe Pharma Corporation,2023-10-30
.nagoya,generic,"GMO Registry, Inc.",2023-10-30
.navy,generic,United TLD Holdco Ltd.,2023-10-30
.net,generic,VeriSign Global Registry Services,2023-10-30
.network,generic,"Trixy Manor, LLC",2023-10-30
.neustar,generic,"NeuStar, Inc.",2023-10-30
.new,generic,Charleston Road Registry Inc.,2023-10-30
.news,generic,United TLD Holdco Ltd.,2023-10-30
.nexus,generic,Charleston Road Registry Inc.,2023-10-30
.ngo,generic,Public Interest Registry,2023-10-30
.nhk,generic,Japan Broadcasting Corporation (NHK),2023-10-30
.nico,generic,"DWANGO Co., Ltd.",2023-10-30
.ninja,generic,United TLD Holdco Ltd.,2023-10-30
.nissan,generic,"NISSAN MOTOR CO., LTD.",2023-10-30
.nra,generic,"NRA Holdings Company, INC.",2023-10-30
.nrw,generic,Minds + Machines GmbH,2023-10-30
.ntt,generic,NIPPON TELEGRAPH AND TELEPHONE CORPORATION,2023-10-30
.nyc,generic,The City of New York by and through the New York City Department of Information Technology & Telecommunications,2023-10-30
.okinawa,generic,BusinessRalliart inc.,2023-10-30
.one,generic,One.com A/S,2023-10-30
.ong,generic,Public Interest Registry,2023-10-30
.onl,generic,"I-REGISTRY Ltd., Niederlassung Deutschland",2023-10-30
.online,generic,DotOnline Inc.,2023-10-30
.ooo,generic,INFIBEAM INCORPORATION LIMITED,2023-10-30
.org,generic,Public Interest Registry (PIR),2023-10-30
.organic,generic,Afilias Limited,2023-10-30
.osaka,generic,"Interlink Co., Ltd.",2023-10-30
.otsuka,generic,"Otsuka Holdings Co., Ltd.",2023-10-30
.ovh,generic,OVH SAS,2023-10-30
.page,generic,Charleston Road Registry Inc.,2023-10-30
.panerai,generic,Richemont DNS Inc.,2023-10-30
.paris,generic,City of Paris,2023-10-30
.partners,generic,"Magic Glen, LLC",2023-10-30
.parts,generic,"Sea Goodbye, LLC",2023-10-30
.party,generic,Blue Sky Registry Limited,2023-10-30
.pharmacy,generic,National Association of Boards of Pharmacy,2023-10-30
.photo,generic,"Uniregistry, Corp.",2023-10-30
.photography,generic,"Sugar Glen, LLC",2023-10-30
.photos,generic,"Sea Corner, LLC",2023-10-30
.physio,generic,PhysBiz Pty Ltd,2023-10-30
.piaget,generic,Richemont DNS Inc.,2023-10-30
.pics,generic,"Uniregistry, Corp.",2023-10-30
.pictet,generic,Pictet Europe S.A.,2023-10-30
.pictures,generic,"Foggy Sky, LLC",2023-10-30
.pink,generic,Afilias Limited,2023-10-30
.pizza,generic,"Foggy Moon, LLC",2023-10-30
.place,generic,"Snow Galley, LLC",2023-10-30
.plumbing,generic,"Spring Tigers, LLC",2023-10-30
.plus,generic,"Sugar Mill, LLC",2023-10-30
.pohl,generic,Deutsche Vermögensberatung Aktiengesellschaft DVAG,2023-10-30
.poker,generic,Afilias Domains No. 5 Limited,2023-10-30
.porn,generic,ICM Registry PN LLC,2023-10-30
.praxi,generic,Praxi S.p.A.,2023-10-30
.press,generic,DotPress Inc.,2023-10-30
.prod,generic,Charleston Road Registry Inc.,2023-10-30
.productions,generic,"Magic Birch, LLC",2023-10-30
.prof,generic,Charleston Road Registry Inc.,2023-10-30
.properties,generic,"Big Pass, LLC",2023-10-30
.property,generic,"Uniregistry, Corp.",2023-10-30
.pub,generic,United TLD Holdco Ltd.,2023-10-30
.qpon,generic,"dotCOOL, Inc.",2023-10-30
.quebec,generic,PointQuébec Inc,2023-10-30
.racing,generic,Premier Registry Limited,2023-10-30
.realtor,generic,Real Estate Domains LLC,2023-10-30
.recipes,generic,"Grand Island, LLC",2023-10-30
.red,generic,Afilias Limited,2023-10-30
.redstone,generic,"Redstone Haute Couture Co., Ltd.",2023-10-30
.rehab,generic,United TLD Holdco Ltd.,2023-10-30
.reise,generic,dotreise GmbH,2023-10-30
.reisen,generic,"New Cypress, LLC",2023-10-30
.reit,generic,"National Association of Real Estate Investment Trusts, Inc.",2023-10-30
.ren,generic,"Beijing Qianxiang Wangjing Technology Development Co., Ltd.",2023-10-30
.rentals,generic,"Big Hollow,LLC",2023-10-30
.repair,generic,"Lone Sunset, LLC",2023-10-30
.report,generic,"Binky Glen, LLC",2023-10-30
.republican,generic,United TLD Holdco Ltd.,2023-10-30
.rest,generic,Punto 2012 Sociedad Anonima Promotora de Inversion de Capital Variable,2023-10-30
.restaurant,generic,"Snow Avenue, LLC",2023-10-30
.review,generic,dot Review Limited,2023-10-30
.reviews,generic,"United TLD Holdco, Ltd.",2023-10-30
.rich,generic,"I-REGISTRY Ltd., Niederlassung Deutschland",2023-10-30
.rio,generic,Empresa Municipal de Informática SA - IPLANRIO,2023-10-30
.rip,generic,United TLD Holdco Ltd.,2023-10-30
.rocks,generic,"United TLD Holdco, LTD.",2023-10-30
.rodeo,generic,Top Level Domain Holdings Limited,2023-10-30
.rsvp,generic,Charleston Road Registry Inc.,2023-10-30
.ruhr,generic,regiodot GmbH & Co. KG,2023-10-30
.ryukyu,generic,BusinessRalliart inc.,2023-10-30
.saarland,generic,dotSaarland GmbH,2023-10-30
.sale,generic,"United TLD Holdco, Ltd",2023-10-30
.samsung,generic,"SAMSUNG SDS CO., LTD",2023-10-30
.sap,generic,SAP AG,2023-10-30
.sarl,generic,"Delta Orchard, LLC",2023-10-30
.saxo,generic,Saxo Bank A/S,2023-10-30
.sca,generic,SVENSKA CELLULOSA AKTIEBOLAGET SCA (publ),2023-10-30
.scb,generic,"The Siam Commercial Bank Public Company Limited (""SCB"")",2023-10-30
.schmidt,generic,SALM S.A.S.,2023-10-30
.scholarships,generic,"Scholarships.com, LLC",2023-10-30
.school,generic,"Little Galley, LLC",2023-10-30
.schule,generic,"Outer Moon, LLC",2023-10-30
.schwarz,generic,Schwarz Domains und Services GmbH & Co. KG,2023-10-30
.science,generic,dot Science Limited,2023-10-30
.scot,generic,Dot Scot Registry Limited,2023-10-30
.services,generic,"Fox Castle, LLC",2023-10-30
.sew,generic,SEW-EURODRIVE GmbH & Co KG,2023-10-30
.sexy,generic,"Uniregistry, Corp.",2023-10-30
.shiksha,generic,Afilias Limited,2023-10-30
.shoes,generic,"Binky Galley, LLC",2023-10-30
.shriram,generic,Shriram Capital Ltd.,2023-10-30
.singles,generic,"Fern Madison, LLC",2023-10-30
.site,generic,DotSite Inc.,2023-10-30
.sky,generic,"Sky IP International Ltd, a company incorporated in England and Wales, operating via its registered Swiss branch",2023-10-30
.social,generic,United TLD Holdco Ltd.,2023-10-30
.software,generic,"United TLD Holdco, Ltd",2023-10-30
.sohu,generic,Sohu.com Limited,2023-10-30
.solar,generic,"Ruby Town, LLC",2023-10-30
.solutions,generic,"Silver Cover, LLC",2023-10-30
.soy,generic,Charleston Road Registry Inc.,2023-10-30
.space,generic,DotSpace Inc.,2023-10-30
.spiegel,generic,SPIEGEL-Verlag Rudolf Augstein GmbH & Co. KG,2023-10-30
.spreadbetting,generic,DOTSPREADBETTING REGISTRY LTD,2023-10-30
.study,generic,OPEN UNIVERSITIES AUSTRALIA PTY LTD,2023-10-30
.style,generic,"Binky Moon, LLC",2023-10-30
.sucks,generic,Vox Populi Registry Inc.,2023-10-30
.supplies,generic,"Atomic Fields, LLC",2023-10-30
.supply,generic,"Half Falls, LLC",2023-10-30
.support,generic,"Grand Orchard, LLC",2023-10-30
.surf,generic,Top Level Domain Holdings Limited,2023-10-30
.surgery,generic,"Tin Avenue, LLC",2023-10-30
.suzuki,generic,SUZUKI MOTOR CORPORATION,2023-10-30
.sydney,generic,"State of New South Wales, Department of Premier and Cabinet",2023-10-30
.systems,generic,"Dash Cypress, LLC",2023-10-30
.taipei,generic,Taipei City Government,2023-10-30
.tatar,generic,"Limited Liability Company ""Coordination Center of Regional Domain of Tatarstan Republic""",2023-10-30
.tattoo,generic,"Uniregistry, Corp.",2023-10-30
.tax,generic,"Storm Orchard, LLC",2023-10-30
.tech,generic,Dot Tech LLC,2023-10-30
.technology,generic,"Auburn Falls, LLC",2023-10-30
.temasek,generic,Temasek Holdings (Private) Limited,2023-10-30
.tennis,generic,"Cotton Bloom, LLC",2023-10-30
.tickets,generic,Accent Media Limited,2023-10-30
.tienda,generic,"Victor Manor, LLC",2023-10-30
.tips,generic,"Corn Willow, LLC",2023-10-30
.tires,generic,"Dog Edge, LLC",2023-10-30
.tirol,generic,punkt Tirol GmbH,2023-10-30
.today,generic,"Pearl Woods, LLC",2023-10-30
.tokyo,generic,"GMO Registry, Inc.",2023-10-30
.tools,generic,"Pioneer North, LLC",2023-10-30
.top,generic,"Jiangsu Bangning Science & Technology Co.,Ltd.",2023-10-30
.toshiba,generic,TOSHIBA Corporation,2023-10-30
.tours,generic,"Sugar Station, LLC",2023-10-30
.town,generic,"Koko Moon, LLC",2023-10-30
.toys,generic,"Pioneer Orchard, LLC",2023-10-30
.trade,generic,Elite Registry Limited,2023-10-30
.trading,generic,DOTTRADING REGISTRY LTD,2023-10-30
.training,generic,"Wild Willow, LLC",2023-10-30
.trust,generic,Artemis Internet Inc,2023-10-30
.tui,generic,TUI AG,2023-10-30
.university,generic,"Little Station, LLC",2023-10-30
.uno,generic,Dot Latin LLC,2023-10-30
.uol,generic,UBN INTERNET LTDA.,2023-10-30
.vacations,generic,"Atomic Tigers, LLC",2023-10-30
.vegas,generic,"Dot Vegas, Inc.",2023-10-30
.ventures,generic,"Binky Lake, LLC",2023-10-30
.versicherung,generic,dotversicherung-registry GmbH,2023-10-30
.vet,generic,"United TLD Holdco, Ltd",2023-10-30
.viajes,generic,"Black Madison, LLC",2023-10-30
.video,generic,"United TLD Holdco, Ltd",2023-10-30
.villas,generic,"New Sky, LLC",2023-10-30
.vision,generic,"Koko Station, LLC",2023-10-30
.vlaanderen,generic,DNS.be vzw,2023-10-30
.vodka,generic,Top Level Domain Holdings Limited,2023-10-30
.vote,generic,Monolith Registry LLC,2023-10-30
.voting,generic,Valuetainment Corp.,2023-10-30
.voto,generic,Monolith Registry LLC,2023-10-30
.voyage,generic,"Ruby House, LLC",2023-10-30
.wales,generic,Nominet UK,2023-10-30
.wang,generic,Zodiac Registry Limited,2023-10-30
.watch,generic,"Sand Shadow, LLC",2023-10-30
.webcam,generic,dot Webcam Limited,2023-10-30
.website,generic,DotWebsite Inc.,2023-10-30
.wed,generic,"Atgron, Inc.",2023-10-30
.wedding,generic,Top Level Domain Holdings Limited,2023-10-30
.whoswho,generic,Who's Who Registry,2023-10-30
.wien,generic,punkt.wien GmbH,2023-10-30
.wiki,generic,"Top Level Design, LLC",2023-10-30
.williamhill,generic,William Hill Organization Limited,2023-10-30
.win,generic,First Registry Limited,2023-10-30
.wme,generic,"William Morris Endeavor Entertainment, LLC",2023-10-30
.work,generic,Top Level Domain Holdings Limited,2023-10-30
.works,generic,"Little Dynamite, LLC",2023-10-30
.world,generic,"Bitter Fields, LLC",2023-10-30
.wtc,generic,"World Trade Centers Association, Inc.",2023-10-30
.wtf,generic,"Hidden Way, LLC",2023-10-30
.xin,generic,Elegant Leader Limited,2023-10-30
.佛山,generic,"Guangzhou YU Wei Information Technology Co., Ltd.",2023-10-30
.慈善,generic,Excellent First Limited,2023-10-30
.集团,generic,Eagle Horizon Limited,2023-10-30
.在线,generic,TLD REGISTRY LIMITED,2023-10-30
.八卦,generic,Zodiac Scorpio Limited,2023-10-30
.موقع,generic,Suhub Electronic Establishment,2023-10-30
.公益,generic,China Organizational Name Administration Center,2023-10-30
.公司,generic,Computer Network Information Center of Chinese Academy of Sciences （China Internet Network Information Center）,2023-10-30
.移动,generic,Afilias Limited,2023-10-30
.我爱你,generic,Tycoon Treasure Limited,2023-10-30
.москва,generic,Foundation for Assistance for Internet Technologies and Infrastructure Development (FAITID),2023-10-30
.онлайн,generic,CORE Association,2023-10-30
.сайт,generic,CORE Association,2023-10-30
.时尚,generic,RISE VICTORY LIMITED,2023-10-30
.淡马锡,generic,Temasek Holdings (Private) Limited,2023-10-30
.орг,generic,Public Interest Registry,2023-10-30
.삼성,generic,"SAMSUNG SDS CO., LTD",2023-10-30
.商标,generic,HU YI GLOBAL INFORMATION RESOURCES(HOLDING) COMPANY.HONGKONG LIMITED,2023-10-30
.商店,generic,"Wild Island, LLC",2023-10-30
.商城,generic,Zodiac Aquarius Limited,2023-10-30
.дети,generic,The Foundation for Network Initiatives “The Smart Internet”,2023-10-30
.中文网,generic,TLD REGISTRY LIMITED,2023-10-30
.中信,generic,CITIC Group Corporation,2023-10-30
.谷歌,generic,Charleston Road Registry Inc.,2023-10-30
.网店,generic,Zodiac Libra Limited,2023-10-30
.संगठन,generic,Public Interest Registry,2023-10-30
.网络,generic,Computer Network Information Center of Chinese Academy of Sciences （China Internet Network Information Center）,2023-10-30
.飞利浦,generic,Koninklijke Philips N.V.,2023-10-30
.手机,generic,"Beijing RITT-Net Technology Development Co., Ltd",2023-10-30
.بازار,generic,CORE Association,2023-10-30
.政府,generic,"Net-Chinese Co., Ltd.",2023-10-30
.شبكة,generic,International Domain Registry Pty. Ltd.,2023-10-30
.机构,generic,Public Interest Registry,2023-10-30
.组织机构,generic,Public Interest Registry,2023-10-30
.健康,generic,Stable Tone Limited,2023-10-30
.рус,generic,Rusnames Limited,2023-10-30
.みんな,generic,Charleston Road Registry Inc.,2023-10-30
.グーグル,generic,Charleston Road Registry Inc.,2023-10-30
.世界,generic,Stable Tone Limited,2023-10-30
.网址,generic,"KNET Co., Ltd",2023-10-30
.游戏,generic,"Spring Fields, LLC",2023-10-30
.vermögensberater,generic,Deutsche Vermögensberatung Aktiengesellschaft DVAG,2023-10-30
.vermögensberatung,generic,Deutsche Vermögensberatung Aktiengesellschaft DVAG,2023-10-30
.企业,generic,"Dash McCook, LLC",2023-10-30
.信息,generic,"Beijing Tele-info Network Technology Co., Ltd.",2023-10-30
.广东,generic,"Guangzhou YU Wei Information Technology Co., Ltd.",2023-10-30
.政务,generic,China Organizational Name Administration Center,2023-10-30
.xyz,generic,XYZ.COM LLC,2023-10-30
.yachts,generic,"DERYachts, LLC",2023-10-30
.yandex,generic,"YANDEX, LLC",2023-10-30
.yodobashi,generic,"YODOBASHI CAMERA CO.,LTD.",2023-10-30
.yoga,generic,Top Level Domain Holdings Limited,2023-10-30
.yokohama,generic,"GMO Registry, Inc.",2023-10-30
.youtube,generic,Charleston Road Registry Inc.,2023-10-30
.zip,generic,Charleston Road Registry Inc.,2023-10-30
.zone,generic,"Outer Falls, LLC",2023-10-30
.zuerich,generic,Kanton Zürich (Canton of Zurich),2023-10-30
